designator,catalog,name,period,inclination,apogee,perigee,eccentricity,date,launch,tle1,tle2
2019-074A,44713,STARLINK-1007,95.85,53.0,561,559,0.0001318,11.11.2019,1-60,1 44713U 19074A   20094.58334491  .00001652  00000-0  14394-3 0  9990,2 44713  52.9984 190.2539 0001377  76.1007 313.9675 15.02311729  1710
2019-074B,44714,STARLINK-1008,95.64,53.01,550,549,0.0001179,11.11.2019,1-60,1 44714U 19074B   20094.58334491  .00000622  00000-0  61849-4 0  9995,2 44714  53.0055 190.6160 0001405  74.7303 199.2406 15.05561830 22466
2019-074C,44715,STARLINK-1009,95.64,52.99,551,549,0.0001244,11.11.2019,1-60,1 44715U 19074C   20094.58334491  .00002366  00000-0  18144-3 0  9992,2 44715  52.9934 190.6743 0001316  86.0349 241.8882 15.05585259 22457
2019-074D,44716,STARLINK-1010,95.96,53.0,566,564,0.00014330000000000001,11.11.2019,1-60,1 44716U 19074D   20094.58334491  .00004027  00000-0  33517-3 0  9990,2 44716  52.9994 187.7039 0001469  68.6764 134.6428 15.00711150 22502
2019-074E,44717,STARLINK-1011,95.64,53.0,551,549,0.000125,11.11.2019,1-60,1 44717U 19074E   20094.58334491 -.00019240  00000-0 -13042-2 0  9996,2 44717  52.9997 210.6500 0001208 103.6788  96.1165 15.05598845  1711
2019-074F,44718,STARLINK-1012,95.65,53.0,551,549,0.00010209999999999999,11.11.2019,1-60,1 44718U 19074F   20094.57598918  .00002907  00000-0  21849-3 0  9997,2 44718  52.9995 190.6821 0000885  83.7679 276.3409 15.05600152 22283
2019-074G,44719,STARLINK-1013,95.64,53.0,550,549,0.00011240000000000001,11.11.2019,1-60,1 44719U 19074G   20094.58334491 -.00000885  00000-0 -41585-4 0  9998,2 44719  52.9979 190.6517 0001210  84.9468 260.9852 15.05565078 22457
2019-074H,44720,STARLINK-1014,95.11,53.01,527,520,0.0005127999999999999,11.11.2019,1-60,1 44720U 19074H   20094.58334491  .04465518  00000-0  21634+0 0  9998,2 44720  53.0077 190.9669 0003985 271.3838 169.1722 15.13764723 22458
2019-074J,44721,STARLINK-1015,95.64,52.99,551,549,0.000146,11.11.2019,1-60,1 44721U 19074J   20094.58334491  .00004552  00000-0  33119-3 0  9997,2 44721  52.9879 190.7071 0001501  81.3634 228.5263 15.05603373 22451
2019-074K,44722,STARLINK-1016,95.64,53.01,551,549,0.00012529999999999998,11.11.2019,1-60,1 44722U 19074K   20094.58334491  .00003727  00000-0  27474-3 0  9998,2 44722  53.0086 190.6043 0001359  71.7063 220.2441 15.05589166  1718
2019-074L,44723,STARLINK-1017,95.64,53.0,551,549,0.00014869999999999998,11.11.2019,1-60,1 44723U 19074L   20094.58334491  .00012293  00000-0  86176-3 0  9991,2 44723  52.9985 190.6492 0001568  71.9882 147.9160 15.05563401  1713
2019-074M,44724,STARLINK-1019,95.64,53.0,551,549,0.0001453,11.11.2019,1-60,1 44724U 19074M   20094.58334491 -.00009165  00000-0 -61091-3 0  9997,2 44724  53.0006 190.6534 0001354  85.3578 332.6078 15.05564733  1711
2019-074N,44725,STARLINK-1020,95.64,53.0,551,549,0.00014,11.11.2019,1-60,1 44725U 19074N   20094.58334491 -.00019022  00000-0 -12892-2 0  9995,2 44725  52.9984 210.6488 0001463 110.1298 233.6317 15.05598019  1713
2019-074P,44726,STARLINK-1021,95.64,53.0,551,549,0.00012819999999999997,11.11.2019,1-60,1 44726U 19074P   20094.58334491 -.00006290  00000-0 -41299-3 0  9993,2 44726  52.9987 190.6515 0001308  84.1581 351.7595 15.05572560  1711
2019-074Q,44727,STARLINK-1022,95.64,53.03,551,549,0.0001616,11.11.2019,1-60,1 44727U 19074Q   20094.58334491 -.00031104  00000-0 -21243-2 0  9992,2 44727  53.0248 230.5196 0001675 107.7392  38.2593 15.05591297 21919
2019-074R,44728,STARLINK-1023,95.85,53.0,560,559,0.00011200000000000001,11.11.2019,1-60,1 44728U 19074R   20094.58334491 -.00005616  00000-0 -40054-3 0  9994,2 44728  53.0001 189.4529 0001145  82.6242  19.1145 15.02320810 22477
2019-074S,44729,STARLINK-1024,95.64,53.0,551,549,0.0001271,11.11.2019,1-60,1 44729U 19074S   20094.58334491 -.00014520  00000-0 -97889-3 0  9997,2 44729  52.9996 210.6440 0001301 104.8019 148.9620 15.05600049 22186
2019-074T,44730,STARLINK-1025,95.64,53.0,551,549,0.00013330000000000001,11.11.2019,1-60,1 44730U 19074T   20094.58334491 -.00000019  00000-0  17843-4 0  9999,2 44730  53.0004 190.6469 0001419  73.3263 164.5777 15.05562024  1712
2019-074U,44731,STARLINK-1026,95.64,53.0,550,549,0.0001129,11.11.2019,1-60,1 44731U 19074U   20094.58334491 -.00002677  00000-0 -16464-3 0  9990,2 44731  52.9989 190.6507 0001211  68.1539 295.7522 15.05580660  1715
2019-074V,44732,STARLINK-1027,96.06,53.0,571,569,0.0001207,11.11.2019,1-60,1 44732U 19074V   20094.58334491 -.00013113  00000-0 -10490-2 0  9990,2 44732  52.9982 209.9516 0001322  81.5806 316.6668 14.99097542  1710
2019-074W,44733,STARLINK-1028,95.64,53.0,551,549,0.00012919999999999997,11.11.2019,1-60,1 44733U 19074W   20094.58334491 -.00007643  00000-0 -50587-3 0  9994,2 44733  52.9992 190.6519 0001323  71.9719  21.9499 15.05584546  1719
2019-074X,44734,STARLINK-1029,92.28,53.0,390,382,0.0006046000000000001,11.11.2019,1-60,1 44734U 19074X   20094.60209469  .00003762  00000-0  51013-4 0  9996,2 44734  52.9982 182.4625 0005989  70.1267 290.0389 15.60500409 22400
2019-074Y,44735,STARLINK-1030,95.64,53.0,551,549,0.00012209999999999999,11.11.2019,1-60,1 44735U 19074Y   20094.58334491 -.00018582  00000-0 -12598-2 0  9999,2 44735  52.9977 210.6511 0001282 114.4031 247.3763 15.05570723  1713
2019-074Z,44736,STARLINK-1031,95.8,53.0,560,555,0.000375,11.11.2019,1-60,1 44736U 19074Z   20094.58334491  .07438555  00000-0  48339+0 0  9990,2 44736  53.0007 209.1485 0004250  36.8162 321.7213 15.01925685 22204
2019-074AA,44737,STARLINK-1032,95.64,53.0,550,549,0.00010669999999999999,11.11.2019,1-60,1 44737U 19074AA  20094.58334491 -.00005148  00000-0 -33442-3 0  9997,2 44737  53.0002 210.6425 0001072  82.8131 134.9394 15.05576243 22184
2019-074AB,44738,STARLINK-1033,95.64,52.99,551,549,0.00015719999999999997,11.11.2019,1-60,1 44738U 19074AB  20094.58334491 -.00011270  00000-0 -75549-3 0  9995,2 44738  52.9934 210.6816 0001615 115.0190 174.7405 15.05579669 22177
2019-074AC,44739,STARLINK-1052,95.64,53.0,551,549,0.00015130000000000002,11.11.2019,1-60,1 44739U 19074AC  20094.58334491 -.00017485  00000-0 -11838-2 0  9990,2 44739  52.9975 210.6519 0001571 114.1513 211.6215 15.05578931  1711
2019-074AD,44740,STARLINK-1035,95.64,53.0,550,549,0.00011200000000000001,11.11.2019,1-60,1 44740U 19074AD  20094.58334491 -.00017093  00000-0 -11565-2 0  9994,2 44740  53.0023 210.6412 0001139 106.3790 129.3898 15.05588920 22186
2019-074AE,44741,STARLINK-1036,95.64,53.0,551,549,0.00012749999999999998,11.11.2019,1-60,1 44741U 19074AE  20094.58334491 -.00020636  00000-0 -14008-2 0  9997,2 44741  52.9989 210.6473 0001281 106.7223  75.0641 15.05591515  1719
2019-074AF,44742,STARLINK-1037,95.63,53.0,551,548,0.0002114,11.11.2019,1-60,1 44742U 19074AF  20094.55744744 -.00003683  00000-0 -23287-3 0  9994,2 44742  52.9994 210.7325 0002180 134.7534 225.3631 15.05712079 22002
2019-074AG,44743,STARLINK-1038,95.64,53.0,551,549,0.00013419999999999998,11.11.2019,1-60,1 44743U 19074AG  20094.58334491 -.00022693  00000-0 -15429-2 0  9992,2 44743  52.9996 230.6471 0001369 112.0700 142.0159 15.05589328 21907
2019-074AH,44744,STARLINK-1039,95.64,53.0,550,549,0.0001113,11.11.2019,1-60,1 44744U 19074AH  20094.58334491 -.00028147  00000-0 -19191-2 0  9993,2 44744  53.0011 230.6473 0001120 101.3321 116.7380 15.05602840 21904
2019-074AJ,44745,STARLINK-1040,90.92,52.99,322,317,0.0003467,11.11.2019,1-60,1 44745U 19074AJ  20094.58025856  .00039532  00000-0  17649-3 0  9991,2 44745  52.9937 169.8410 0003583 331.5590  28.5236 15.83862197 22577
2019-074AK,44746,STARLINK-1041,95.65,53.0,551,549,0.0001529,11.11.2019,1-60,1 44746U 19074AK  20094.58334491 -.00022625  00000-0 -15384-2 0  9990,2 44746  52.9996 230.6456 0001541  96.3957 175.6733 15.05583331  1718
2019-074AL,44747,STARLINK-1042,95.64,53.02,551,549,0.00016319999999999998,11.11.2019,1-60,1 44747U 19074AL  20094.58334491 -.00029870  00000-0 -20389-2 0  9991,2 44747  53.0218 230.5266 0001671  89.6908  38.3336 15.05590347 21903
2019-074AM,44748,STARLINK-1043,95.65,53.01,551,549,0.0001636,11.11.2019,1-60,1 44748U 19074AM  20094.58334491 -.00027080  00000-0 -18462-2 0  9992,2 44748  53.0080 230.6105 0001672  79.3786 264.6549 15.05585243  1711
2019-074AN,44749,STARLINK-1044,95.64,53.0,551,549,0.0001301,11.11.2019,1-60,1 44749U 19074AN  20094.58334491 -.00016926  00000-0 -11453-2 0  9993,2 44749  53.0002 210.6485 0001315 119.1893  44.5939 15.05578706 22178
2019-074AP,44750,STARLINK-1045,95.64,53.0,551,549,0.0001268,11.11.2019,1-60,1 44750U 19074AP  20094.58334491 -.00008119  00000-0 -53846-3 0  9993,2 44750  53.0002 230.6479 0001247  88.2496 111.8633 15.05595544 21902
2019-074AQ,44751,STARLINK-1046,95.65,53.0,551,549,0.00013030000000000002,11.11.2019,1-60,1 44751U 19074AQ  20094.58334491 -.00025473  00000-0 -17354-2 0  9999,2 44751  53.0003 230.6481 0001313  99.2756 136.8276 15.05579326  1719
2019-074AR,44752,STARLINK-1047,95.64,53.0,550,549,0.000101,11.11.2019,1-60,1 44752U 19074AR  20094.58334491 -.00022518  00000-0 -15304-2 0  9990,2 44752  52.9997 210.6498 0001029 112.4160  33.4208 15.05599673  1711
2019-074AS,44753,STARLINK-1048,95.64,53.0,551,549,0.0001328,11.11.2019,1-60,1 44753U 19074AS  20094.58334491 -.00004836  00000-0 -31287-3 0  9993,2 44753  52.9996 190.6537 0001353  84.0328  81.9074 15.05591669  1718
2019-074AT,44754,STARLINK-1049,95.64,53.0,551,549,0.0001291,11.11.2019,1-60,1 44754U 19074AT  20094.58334491 -.00006359  00000-0 -41782-3 0  9997,2 44754  52.9996 190.6519 0001452  82.6347  65.3429 15.05566007  1712
2019-074AU,44755,STARLINK-1050,95.64,53.03,551,549,0.0001525,11.11.2019,1-60,1 44755U 19074AU  20094.58334491 -.00029462  00000-0 -20102-2 0  9990,2 44755  53.0278 230.4967 0001553 103.2717  78.7344 15.05599412 21915
2019-074AV,44756,STARLINK-1051,95.64,53.0,551,549,0.0001365,11.11.2019,1-60,1 44756U 19074AV  20094.58334491  .00000986  00000-0  86828-4 0  9998,2 44756  53.0006 190.6526 0001528  73.2692  56.6366 15.05573025  1710
2019-074AW,44757,STARLINK-1034,95.64,53.0,550,549,0.0001079,11.11.2019,1-60,1 44757U 19074AW  20094.58334491 -.00022975  00000-0 -15619-2 0  9991,2 44757  53.0009 210.6486 0001128 113.9452 319.8990 15.05600473 22172
2019-074AX,44758,STARLINK-1053,95.64,53.01,551,549,0.000156,11.11.2019,1-60,1 44758U 19074AX  20094.58334491 -.00029559  00000-0 -20175-2 0  9990,2 44758  53.0139 230.5754 0001647 111.0313 304.9940 15.05588608  1719
2019-074AY,44759,STARLINK-1054,95.65,53.02,551,549,0.0001484,11.11.2019,1-60,1 44759U 19074AY  20094.58334491 -.00031242  00000-0 -21341-2 0  9999,2 44759  53.0175 230.5516 0001558 101.4520 350.5722 15.05586236  1710
2019-074AZ,44760,STARLINK-1055,95.65,53.02,551,549,0.0001564,11.11.2019,1-60,1 44760U 19074AZ  20094.58334491 -.00007535  00000-0 -49852-3 0  9997,2 44760  53.0247 230.5117 0001620 115.7848  48.2739 15.05579771 21919
2019-074BA,44761,STARLINK-1056,95.64,53.02,551,549,0.0001304,11.11.2019,1-60,1 44761U 19074BA  20094.58334491 -.00032254  00000-0 -22034-2 0  9996,2 44761  53.0190 230.5407 0001374 104.9773   5.0810 15.05600111  1712
2019-074BB,44762,STARLINK-1057,95.64,53.0,551,549,0.0001431,11.11.2019,1-60,1 44762U 19074BB  20094.58334491 -.00024487  00000-0 -16670-2 0  9995,2 44762  52.9985 210.6454 0001452  66.2191  25.5132 15.05584083  1718
2019-074BC,44763,STARLINK-1058,95.64,53.01,551,549,0.0001499,11.11.2019,1-60,1 44763U 19074BC  20094.58334491 -.00029705  00000-0 -20266-2 0  9990,2 44763  53.0110 230.5993 0001519  93.3612 268.7019 15.05607131 21901
2019-074BD,44764,STARLINK-1059,95.64,53.0,551,549,0.00015780000000000001,11.11.2019,1-60,1 44764U 19074BD  20094.49686179  .00009315  00000-0  65741-3 0  9995,2 44764  53.0001 211.0323 0001636 119.5067 240.6084 15.05592122 21990
2019-074BE,44765,STARLINK-1060,95.64,53.0,551,549,0.0001328,11.11.2019,1-60,1 44765U 19074BE  20094.58334491 -.00022491  00000-0 -15290-2 0  9998,2 44765  52.9997 210.6472 0001400  97.3292 282.4363 15.05587605  1717
2019-074BF,44766,STARLINK-1061,95.65,53.01,551,549,0.0001463,11.11.2019,1-60,1 44766U 19074BF  20094.58334491 -.00029537  00000-0 -20157-2 0  9995,2 44766  53.0138 230.5837 0001497  99.5347 298.5332 15.05594110  1717
2019-074BG,44767,STARLINK-1062,95.65,53.02,551,549,0.00012880000000000001,11.11.2019,1-60,1 44767U 19074BG  20094.58334491 -.00032430  00000-0 -22166-2 0  9994,2 44767  53.0164 230.5613 0001347  87.0064 347.0437 15.05583410  1718
2019-074BH,44768,STARLINK-1063,95.64,53.0,551,549,0.000165,11.11.2019,1-60,1 44768U 19074BH  20094.58334491 -.00024779  00000-0 -16862-2 0  9998,2 44768  53.0017 230.6328 0001679  95.8923 212.1563 15.05606394  1718
2019-074BJ,44769,STARLINK-1064,95.64,53.0,551,548,0.00018519999999999998,11.11.2019,1-60,1 44769U 19074BJ  20094.58334491 -.00023909  00000-0 -16259-2 0  9993,2 44769  53.0023 230.6405 0001875 100.1404 189.9223 15.05610831  1719
2019-074BK,44770,STARLINK-1065,95.63,53.0,551,547,0.00026489999999999993,11.11.2019,1-60,1 44770U 19074BK  20094.58724488  .00002278  00000-0  17474-3 0  9999,2 44770  53.0034 230.5892 0002631 112.6358 247.4909 15.05745612 21730
2019-074BL,44771,STARLINK-1067,95.64,53.01,551,549,0.0001299,11.11.2019,1-60,1 44771U 19074BL  20094.58334491 -.00029482  00000-0 -20122-2 0  9992,2 44771  53.0116 230.5962 0001363  93.6051 286.4458 15.05587990  1710
2019-074BM,44772,STARLINK-1068,95.64,53.0,551,549,0.0001629,11.11.2019,1-60,1 44772U 19074BM  20094.58334491 -.00023395  00000-0 -15919-2 0  9998,2 44772  52.9987 210.6434 0001681 111.8659 303.8915 15.05576085 22176
2020-001A,44914,STARLINK-1073,95.64,53.0,551,548,0.0002174,07.01.2020,2-60,1 44914U 20001A   20094.58334491  .00049067  00000-0  33662-2 0  9995,2 44914  53.0002 350.6416 0002138  82.4817  32.7683 15.05548306  1718
2020-001B,44915,STARLINK-1084,95.64,53.0,551,548,0.0001899,07.01.2020,2-60,1 44915U 20001B   20094.58334491  .00042633  00000-0  29279-2 0  9997,2 44915  53.0013 350.6372 0001851  70.3065 243.0155 15.05574539 13388
2020-001C,44916,STARLINK-1097,95.65,53.0,551,548,0.0002488,07.01.2020,2-60,1 44916U 20001C   20094.58334491  .00041443  00000-0  28494-2 0  9994,2 44916  53.0013 350.6387 0002407  73.7013 185.6008 15.05545120  1719
2020-001D,44917,STARLINK-1098,95.64,53.0,551,548,0.0002126,07.01.2020,2-60,1 44917U 20001D   20094.58334491  .00041479  00000-0  28517-2 0  9990,2 44917  53.0019 350.6390 0002065  76.8810 218.3980 15.05547305 13385
2020-001E,44918,STARLINK-1099,95.64,53.0,551,548,0.00023480000000000004,07.01.2020,2-60,1 44918U 20001E   20094.58334491  .00038637  00000-0  26587-2 0  9998,2 44918  53.0026 350.6350 0002266  79.3779 161.9057 15.05547205 14125
2020-001F,44919,STARLINK-1101,95.64,53.0,552,548,0.00026319999999999995,07.01.2020,2-60,1 44919U 20001F   20094.58334491  .00034167  00000-0  23545-2 0  9994,2 44919  53.0010 350.6425 0002552  75.2495  94.0191 15.05552088  1711
2020-001G,44920,STARLINK-1102,95.64,53.0,551,548,0.0001953,07.01.2020,2-60,1 44920U 20001G   20094.58334491  .00050489  00000-0  34604-2 0  9999,2 44920  53.0009 350.6416 0001892  65.4641  85.7463 15.05571452 13382
2020-001H,44921,STARLINK-1103,95.64,53.0,551,548,0.0002298,07.01.2020,2-60,1 44921U 20001H   20094.58334491  .00034045  00000-0  23455-2 0  9992,2 44921  53.0012 350.6418 0002241  75.5848 111.7126 15.05563718 13381
2020-001J,44922,STARLINK-1104,95.64,53.0,552,548,0.0002624,07.01.2020,2-60,1 44922U 20001J   20094.58334491  .00040293  00000-0  27707-2 0  9999,2 44922  53.0029 350.6365 0002553  75.4254 147.8109 15.05553262  1715
2020-001K,44923,STARLINK-1106,95.64,53.0,551,548,0.0002129,07.01.2020,2-60,1 44923U 20001K   20094.58334491  .00039758  00000-0  27330-2 0  9996,2 44923  53.0009 350.6431 0002082  77.5294   1.7943 15.05572569  1717
2020-001L,44924,STARLINK-1111,95.64,53.0,551,548,0.0002363,07.01.2020,2-60,1 44924U 20001L   20094.58334491  .00035672  00000-0  24558-2 0  9997,2 44924  53.0007 350.6443 0002331  79.0754  54.1833 15.05568179 13382
2020-001M,44925,STARLINK-1112,95.64,53.0,551,549,0.00016480000000000002,07.01.2020,2-60,1 44925U 20001M   20094.58334491  .00041352  00000-0  28436-2 0  9999,2 44925  53.0005 350.6414 0001584  81.0916 340.2191 15.05541156 13383
2020-001N,44926,STARLINK-1113,95.64,53.01,551,548,0.0002416,07.01.2020,2-60,1 44926U 20001N   20094.58334491  .00043801  00000-0  30078-2 0  9996,2 44926  53.0067 350.6187 0002371  80.7381 304.5584 15.05565399 14123
2020-001P,44927,STARLINK-1114,95.64,53.0,551,548,0.000212,07.01.2020,2-60,1 44927U 20001P   20094.58334491  .00049334  00000-0  33831-2 0  9994,2 44927  53.0028 350.6349 0002072  66.6825 282.5891 15.05561188  1703
2020-001Q,44928,STARLINK-1119,95.65,53.0,551,548,0.0002149,07.01.2020,2-60,1 44928U 20001Q   20094.58334491  .00053715  00000-0  36814-2 0  9997,2 44928  53.0033 350.6344 0002096  73.9382 293.3408 15.05542821  1718
2020-001R,44929,STARLINK-1121,95.64,53.0,551,548,0.00024249999999999999,07.01.2020,2-60,1 44929U 20001R   20094.58334491  .00037998  00000-0  26126-2 0  9998,2 44929  52.9993 350.6453 0002386  74.3609  22.9182 15.05585094  1716
2020-001S,44930,STARLINK-1123,95.64,53.0,551,548,0.00022640000000000003,07.01.2020,2-60,1 44930U 20001S   20094.58334491  .00041549  00000-0  28561-2 0  9992,2 44930  53.0030 350.6357 0002205  71.6634 205.6028 15.05551643  1715
2020-001T,44931,STARLINK-1128,95.64,53.01,551,548,0.00023290000000000002,07.01.2020,2-60,1 44931U 20001T   20094.58334491  .00042776  00000-0  29384-2 0  9990,2 44931  53.0090 350.5980 0002272  68.0894 335.1861 15.05564486 14127
2020-001U,44932,STARLINK-1130 (DARKSAT),95.64,53.0,551,548,0.0001778,07.01.2020,2-60,1 44932U 20001U   20094.58334491  .00059058  00000-0  40404-2 0  9998,2 44932  53.0025 350.6365 0001730  67.5847 263.7332 15.05563558 14616
2020-001V,44933,STARLINK-1144,95.64,53.0,551,548,0.0002011,07.01.2020,2-60,1 44933U 20001V   20094.58334491  .00034986  00000-0  24098-2 0  9993,2 44933  53.0009 350.6438 0001911  72.9404 132.3365 15.05558610  1717
2020-001W,44934,STARLINK-1071,95.64,53.0,550,549,8.759999999999999e-05,07.01.2020,2-60,1 44934U 20001W   20094.58334491  .00033491  00000-0  23070-2 0  9993,2 44934  53.0014 330.6369 0000747  57.9098  41.4806 15.05577156  1719
2020-001X,44935,STARLINK-1072,95.64,53.0,551,548,0.0001989,07.01.2020,2-60,1 44935U 20001X   20094.58334491  .00039702  00000-0  27277-2 0  9998,2 44935  53.0027 330.6313 0001996  86.8643 174.5578 15.05593353  1718
2020-001Y,44936,STARLINK-1078,95.6,53.0,549,546,0.0001838,07.01.2020,2-60,1 44936U 20001Y   20094.16017378 -.00122557  00000-0 -83854-2 0  9991,2 44936  52.9959 332.5394 0001838  55.3692 304.7469 15.06248825 13600
2020-001Z,44937,STARLINK-1079,95.64,53.0,551,549,0.000136,07.01.2020,2-60,1 44937U 20001Z   20094.58334491  .00031227  00000-0  21532-2 0  9992,2 44937  53.0001 330.6308 0001358  91.7932 133.6597 15.05573590  1712
2020-001AA,44938,STARLINK-1082,95.64,53.0,551,548,0.0001792,07.01.2020,2-60,1 44938U 20001AA  20094.58334491  .00039232  00000-0  26975-2 0  9993,2 44938  53.0001 330.6589 0001806  81.7917 287.5618 15.05569927  1716
2020-001AB,44939,STARLINK-1083,95.64,52.99,551,549,0.0001545,07.01.2020,2-60,1 44939U 20001AB  20094.58334491  .00038432  00000-0  26431-2 0  9992,2 44939  52.9841 330.7710 0001509  78.8103 254.5306 15.05570920  1711
2020-001AC,44940,STARLINK-1091,95.64,53.0,551,548,0.00022050000000000002,07.01.2020,2-60,1 44940U 20001AC  20094.33272868 -.00009205  00000-0 -61334-3 0  9996,2 44940  52.9970 331.9859 0002325  34.4212 325.6926 15.05578627 13622
2020-001AD,44941,STARLINK-1094,95.64,53.0,551,549,0.00015309999999999998,07.01.2020,2-60,1 44941U 20001AD  20094.58334491  .00031395  00000-0  21643-2 0  9996,2 44941  53.0003 330.6358 0001496  85.8714  85.5316 15.05579724  1718
2020-001AE,44942,STARLINK-1096,95.64,53.0,551,549,0.0001361,07.01.2020,2-60,1 44942U 20001AE  20094.58334491  .00032280  00000-0  22241-2 0  9996,2 44942  53.0001 330.6310 0001352  87.0155 156.2799 15.05586918  1713
2020-001AF,44943,STARLINK-1100,95.64,52.99,551,549,0.0001436,07.01.2020,2-60,1 44943U 20001AF  20094.58334491  .00038995  00000-0  26809-2 0  9990,2 44943  52.9888 330.7125 0001408  75.9086 275.4041 15.05576727  1712
2020-001AG,44944,STARLINK-1108,95.64,53.0,551,548,0.00018530000000000003,07.01.2020,2-60,1 44944U 20001AG  20094.58334491  .00032621  00000-0  22473-2 0  9994,2 44944  53.0012 330.6387 0001795  80.7926  36.6200 15.05585959 13667
2020-001AH,44945,STARLINK-1109,95.64,52.99,551,548,0.0002364,07.01.2020,2-60,1 44945U 20001AH  20093.99751625 -.00037020  00000-0 -25271-2 0  9990,2 44945  52.9888 333.4789 0002364 111.6314 248.4926 15.05691585 13573
2020-001AJ,44946,STARLINK-1110,95.64,53.0,550,549,0.00012109999999999999,07.01.2020,2-60,1 44946U 20001AJ  20094.58334491  .00036067  00000-0  24822-2 0  9994,2 44946  53.0018 330.6329 0001168  75.9744   5.3849 15.05575774  1718
2020-001AK,44947,STARLINK-1116,95.64,53.0,551,549,0.000155,07.01.2020,2-60,1 44947U 20001AK  20094.58334491  .00032674  00000-0  22511-2 0  9998,2 44947  53.0023 330.6313 0001505  90.8793 116.4798 15.05582805 13660
2020-001AL,44948,STARLINK-1118,88.16,52.99,188,179,0.0006458,07.01.2020,2-60,1 44948U 20001AL  20093.11544131  .10026385  12155-4  15322-2 0  9994,2 44948  52.9916 320.6390 0006458 255.8970 104.1355 16.33333815 13677
2020-001AM,44949,STARLINK-1122,95.64,53.0,551,548,0.000202,07.01.2020,2-60,1 44949U 20001AM  20094.58334491  .00040004  00000-0  27503-2 0  9992,2 44949  52.9989 330.6444 0001992  80.3118 325.1163 15.05564499 13665
2020-001AN,44950,STARLINK-1125,95.64,52.99,551,549,0.0001652,07.01.2020,2-60,1 44950U 20001AN  20094.58334491  .00044548  00000-0  30581-2 0  9991,2 44950  52.9858 330.7875 0001648  76.5915 238.8279 15.05569895  1717
2020-001AP,44951,STARLINK-1126,95.64,53.0,551,549,0.000153,07.01.2020,2-60,1 44951U 20001AP  20094.58334491  .00040168  00000-0  27610-2 0  9995,2 44951  52.9987 330.6450 0001499  77.2162 310.1577 15.05570946 14959
2020-001AQ,44952,STARLINK-1117,95.64,53.0,551,548,0.0001974,07.01.2020,2-60,1 44952U 20001AQ  20094.58334491  .00032035  00000-0  22069-2 0  9993,2 44952  52.9985 330.6424 0001920  86.5142  66.8799 15.05595360 13664
2020-001AR,44953,STARLINK-1124,95.64,53.0,551,548,0.0001771,07.01.2020,2-60,1 44953U 20001AR  20094.58334491  .00036571  00000-0  25169-2 0  9997,2 44953  53.0005 330.6454 0001745  83.0314 340.3373 15.05567982 14951
2020-001AS,44954,STARLINK-1066,92.15,53.0,386,374,0.0008728,07.01.2020,2-60,1 44954U 20001AS  20094.58334491  .00128081  00000-0  13816-2 0  9992,2 44954  53.0005 323.1329 0008579 303.5338  30.4556 15.62733881 13706
2020-001AT,44955,STARLINK-1069,92.15,53.0,384,375,0.0006737000000000001,07.01.2020,2-60,1 44955U 20001AT  20094.58334491  .00071621  00000-0  78132-3 0  9993,2 44955  53.0012 323.1374 0006586 329.4355 359.4731 15.62724283 13702
2020-001AU,44956,STARLINK-1070,92.15,53.0,381,379,0.0001273,07.01.2020,2-60,1 44956U 20001AU  20094.58334491  .00046396  00000-0  51001-3 0  9991,2 44956  53.0009 323.1423 0001142  75.0001 255.5808 15.62734028 13764
2020-001AV,44957,STARLINK-1074,92.15,53.0,385,375,0.0007721,07.01.2020,2-60,1 44957U 20001AV  20094.58334491  .00045968  00000-0  50495-3 0  9992,2 44957  53.0005 323.1689 0007567 326.8030 350.2270 15.62725567 13765
2020-001AW,44958,STARLINK-1075,92.14,53.0,380,379,0.0001223,07.01.2020,2-60,1 44958U 20001AW  20094.58334491  .00042227  00000-0  46476-3 0  9992,2 44958  53.0007 323.1612 0001126  68.1820 252.2872 15.62743908  1723
2020-001AX,44959,STARLINK-1076,92.15,53.0,385,375,0.0007457000000000001,07.01.2020,2-60,1 44959U 20001AX  20094.58334491  .00136525  00000-0  14718-2 0  9991,2 44959  53.0004 323.1821 0007255 320.9063 349.3550 15.62728438 13769
2020-001AY,44960,STARLINK-1077,92.14,53.0,381,379,0.00012869999999999998,07.01.2020,2-60,1 44960U 20001AY  20094.58334491  .00037781  00000-0  41698-3 0  9995,2 44960  53.0004 323.1545 0000997  64.7892 257.3736 15.62724666 13766
2020-001AZ,44961,STARLINK-1080,92.14,53.0,381,379,0.0001325,07.01.2020,2-60,1 44961U 20001AZ  20094.58334491  .00042453  00000-0  46716-3 0  9994,2 44961  53.0003 323.1871 0001191  73.9878 232.9250 15.62746411 13763
2020-001BA,44962,STARLINK-1081,92.14,53.0,381,379,0.00015209999999999998,07.01.2020,2-60,1 44962U 20001BA  20094.58334491  .00140120  00000-0  15113-2 0  9991,2 44962  53.0004 323.1341 0001114  66.7321 265.5884 15.62727755  1723
2020-001BB,44963,STARLINK-1085,92.15,53.0,385,375,0.0007673999999999999,07.01.2020,2-60,1 44963U 20001BB  20094.58334491  .00126140  00000-0  13615-2 0  9993,2 44963  53.0007 323.1471 0007493 324.6732   2.5064 15.62735977 14503
2020-001BC,44964,STARLINK-1086,92.14,53.0,381,379,0.00014380000000000003,07.01.2020,2-60,1 44964U 20001BC  20094.58334491  .00044055  00000-0  48446-3 0  9999,2 44964  53.0004 323.1474 0001300  72.8510 252.7420 15.62747032 13768
2020-001BD,44965,STARLINK-1087,92.15,53.0,381,379,0.0001216,07.01.2020,2-60,1 44965U 20001BD  20094.58334491  .00076033  00000-0  82886-3 0  9997,2 44965  53.0004 323.1627 0001221  67.7577 247.5858 15.62739513 14502
2020-001BE,44966,STARLINK-1088,92.14,53.0,381,379,0.0001349,07.01.2020,2-60,1 44966U 20001BE  20094.58334491  .00044604  00000-0  49051-3 0  9994,2 44966  53.0004 323.1748 0001182  61.0604 252.6184 15.62740669 13761
2020-001BF,44967,STARLINK-1089,92.14,53.0,381,379,0.00014480000000000002,07.01.2020,2-60,1 44967U 20001BF  20094.58334491  .00039949  00000-0  44019-3 0  9990,2 44967  53.0002 323.1937 0001292  66.9409 236.5684 15.62739846 13760
2020-001BG,44968,STARLINK-1090,92.15,53.0,381,379,0.0001338,07.01.2020,2-60,1 44968U 20001BG  20094.58334491  .00137947  00000-0  14885-2 0  9995,2 44968  53.0003 323.1910 0001100  73.2318 231.9383 15.62725106 13760
2020-001BH,44969,STARLINK-1092,92.15,53.0,385,374,0.000793,07.01.2020,2-60,1 44969U 20001BH  20094.58334491  .00041200  00000-0  45330-3 0  9992,2 44969  53.0003 323.1846 0007764 328.5374 340.0374 15.62732283 13765
2020-001BJ,44970,STARLINK-1093,92.14,53.0,385,374,0.0008212,07.01.2020,2-60,1 44970U 20001BJ  20094.58334491  .00041612  00000-0  45739-3 0  9994,2 44970  53.0028 323.1648 0008052 329.3617 349.4123 15.62750251 13764
2020-001BK,44971,STARLINK-1095,92.14,53.0,381,379,0.000143,07.01.2020,2-60,1 44971U 20001BK  20094.58334491  .00043967  00000-0  48363-3 0  9996,2 44971  53.0003 323.1543 0001268  65.0828 258.7143 15.62740643 13760
2020-001BL,44972,STARLINK-1107,92.15,53.0,381,379,0.00015319999999999998,07.01.2020,2-60,1 44972U 20001BL  20094.58334491  .00041095  00000-0  45260-3 0  9990,2 44972  53.0004 323.1971 0001390  70.9002 230.8773 15.62738974 13766
2020-001BM,44973,STARLINK-1115,92.15,53.0,385,374,0.0008109,07.01.2020,2-60,1 44973U 20001BM  20094.58334491  .00044373  00000-0  48748-3 0  9997,2 44973  53.0003 323.1769 0007951 325.7281 346.2693 15.62735397 13769
2020-006A,45044,STARLINK-1132,93.3,53.0,438,434,0.00034219999999999997,29.01.2020,3-60,1 45044U 20006A   20094.58334491  .01698045  00000-0  34920-1 0  9999,2 45044  53.0008 273.0650 0002752 119.7366 356.0607 15.42525094 10585
2020-006B,45045,STARLINK-1120,95.75,53.0,556,554,0.0001459,29.01.2020,3-60,1 45045U 20006B   20094.58334491 -.00004263  00000-0 -28593-3 0  9995,2 45045  53.0011 290.3991 0001392  90.2174 302.3322 15.03972359 10348
2020-006C,45046,STARLINK-1129,95.64,53.0,551,549,0.0001488,29.01.2020,3-60,1 45046U 20006C   20094.58334491 -.00018902  00000-0 -12809-2 0  9993,2 45046  52.9958 290.6679 0001374  79.8455 131.8477 15.05598488 10343
2020-006D,45047,STARLINK-1131,95.75,53.0,556,554,0.0001605,29.01.2020,3-60,1 45047U 20006D   20094.58334491 -.00003010  00000-0 -19609-3 0  9994,2 45047  53.0011 290.4000 0001614 104.1810 270.2349 15.03961530  1713
2020-006E,45048,STARLINK-1134,95.65,53.0,551,549,0.0001847,29.01.2020,3-60,1 45048U 20006E   20094.58334491 -.00000975  00000-0 -47731-4 0  9990,2 45048  53.0023 290.6443 0001897  92.5415 101.1115 15.05575196  1718
2020-006F,45049,STARLINK-1135,95.64,53.0,551,548,0.00018530000000000003,29.01.2020,3-60,1 45049U 20006F   20094.58334491 -.00019669  00000-0 -13343-2 0  9991,2 45049  53.0019 290.6456 0001766  90.7635  84.9895 15.05583909 10339
2020-006G,45050,STARLINK-1140,95.64,53.0,551,549,0.0001493,29.01.2020,3-60,1 45050U 20006G   20094.58334491  .00027978  00000-0  19315-2 0  9998,2 45050  53.0007 290.6447 0001450  84.0989  55.5885 15.05584450 10331
2020-006H,45051,STARLINK-1141,95.64,53.0,551,548,0.0001726,29.01.2020,3-60,1 45051U 20006H   20094.58334491  .00050521  00000-0  34623-2 0  9998,2 45051  53.0010 290.6458 0001564  95.2057  62.4917 15.05574509  1713
2020-006J,45052,STARLINK-1148,95.64,53.0,551,549,0.0001483,29.01.2020,3-60,1 45052U 20006J   20094.58334491  .00026487  00000-0  18299-2 0  9994,2 45052  52.9987 290.6574 0001424  86.1398  17.5349 15.05586641 10334
2020-006K,45053,STARLINK-1155,95.75,53.0,556,554,0.00016419999999999998,29.01.2020,3-60,1 45053U 20006K   20094.58334491 -.00001555  00000-0 -91755-4 0  9996,2 45053  53.0020 290.3933 0001661 101.2995  21.2002 15.03970060  1716
2020-006L,45054,STARLINK-1156,95.65,53.0,551,548,0.0002091,29.01.2020,3-60,1 45054U 20006L   20094.58334491  .00024610  00000-0  17024-2 0  9997,2 45054  53.0020 290.6475 0002106 101.7318  19.9226 15.05577366 10334
2020-006M,45055,STARLINK-1157,95.75,53.0,556,554,0.0001758,29.01.2020,3-60,1 45055U 20006M   20094.58334491 -.00002497  00000-0 -15930-3 0  9994,2 45055  53.0017 290.3919 0001765  92.5034  83.9332 15.03967057  1712
2020-006N,45056,STARLINK-1158,95.64,52.99,551,549,0.000164,29.01.2020,3-60,1 45056U 20006N   20094.58334491 -.00001033  00000-0 -51717-4 0  9994,2 45056  52.9936 290.6929 0001606  93.5341 352.0810 15.05588577 10338
2020-006P,45057,STARLINK-1159,95.75,53.0,556,554,0.0001675,29.01.2020,3-60,1 45057U 20006P   20094.58334491  .00006643  00000-0  49544-3 0  9999,2 45057  53.0034 290.3949 0001671  90.5187  67.9745 15.03958106 10343
2020-006Q,45058,STARLINK-1162,95.75,53.0,556,554,0.0001553,29.01.2020,3-60,1 45058U 20006Q   20094.58334491 -.00000979  00000-0 -50425-4 0  9999,2 45058  53.0033 290.3912 0001571  95.3994  99.0950 15.03963883  1714
2020-006R,45059,STARLINK-1165,95.75,53.0,556,554,0.000144,29.01.2020,3-60,1 45059U 20006R   20094.58334491  .00014178  00000-0  10344-2 0  9998,2 45059  53.0033 290.3914 0001408  96.2204 350.2779 15.03941988  1713
2020-006S,45060,STARLINK-1166,95.75,53.0,556,554,0.0001349,29.01.2020,3-60,1 45060U 20006S   20094.58334491  .00012591  00000-0  92078-3 0  9992,2 45060  53.0019 290.3942 0001290  86.5425  17.9365 15.03950468  1717
2020-006T,45061,STARLINK-1169,95.75,53.0,556,554,0.0001608,29.01.2020,3-60,1 45061U 20006T   20094.58334491  .00014033  00000-0  10236-2 0  9991,2 45061  53.0030 290.3945 0001631 109.7887 318.6960 15.03957774 10341
2020-006U,45062,STARLINK-1171,95.75,53.0,556,554,0.000149,29.01.2020,3-60,1 45062U 20006U   20094.58334491  .00008054  00000-0  59642-3 0  9993,2 45062  53.0035 290.3980 0001500  87.4026  53.0729 15.03955448  1718
2020-006V,45063,STARLINK-1178,95.75,53.0,556,554,0.0001301,29.01.2020,3-60,1 45063U 20006V   20094.58334491  .00011615  00000-0  85091-3 0  9998,2 45063  53.0021 290.3940 0001276 100.5044 309.9680 15.03957897  1716
2020-006W,45064,STARLINK-1133,92.78,53.0,412,410,0.000174,29.01.2020,3-60,1 45064U 20006W   20094.58334491  .05192752  00000-0  77142-1 0  9992,2 45064  53.0019 274.0742 0003906  20.8371 312.7433 15.50329870 10570
2020-006X,45065,STARLINK-1139,92.8,53.0,413,410,0.000165,29.01.2020,3-60,1 45065U 20006X   20094.58334491  .05237904  00000-0  78258-1 0  9991,2 45065  53.0007 274.0669 0003764  20.6994 310.4801 15.50127884 10572
2020-006Y,45066,STARLINK-1145,92.92,53.0,419,416,0.0001815,29.01.2020,3-60,1 45066U 20006Y   20094.58334491  .04815161  00000-0  78582-1 0  9998,2 45066  52.9984 274.1034 0003334 342.2193 288.4885 15.47947510 10577
2020-006Z,45067,STARLINK-1150,93.21,53.0,434,429,0.0003041,29.01.2020,3-60,1 45067U 20006Z   20094.58334491  .02171652  00000-0  42323-1 0  9991,2 45067  53.0015 272.9563 0001509 173.0161 350.8124 15.43865968 10599
2020-006AA,45068,STARLINK-1161,92.93,53.0,419,417,0.0001973,29.01.2020,3-60,1 45068U 20006AA  20094.58334491  .04907169  00000-0  80449-1 0  9995,2 45068  52.9988 274.1096 0003381 341.3800 286.0966 15.47735370 10571
2020-006AB,45069,STARLINK-1163,93.37,53.0,442,437,0.0003609,29.01.2020,3-60,1 45069U 20006AB  20094.58334491  .02714397  00000-0  57264-1 0  9992,2 45069  52.9995 272.9803 0003131  88.8212 345.6788 15.41286992 10585
2020-006AC,45070,STARLINK-1164,92.87,53.0,416,414,0.00014450000000000002,29.01.2020,3-60,1 45070U 20006AC  20094.58334491  .04840526  00000-0  76911-1 0  9990,2 45070  52.9983 274.0863 0003557 351.3712 293.0275 15.48700394 10578
2020-006AD,45071,STARLINK-1167,93.32,53.0,440,435,0.00036,29.01.2020,3-60,1 45071U 20006AD  20094.58334491  .02164321  00000-0  44717-1 0  9990,2 45071  52.9999 273.0339 0002903 104.8807 353.7666 15.42133509 10595
2020-006AE,45072,STARLINK-1168,92.86,53.0,416,414,0.000153,29.01.2020,3-60,1 45072U 20006AE  20094.58334491  .05073512  00000-0  79557-1 0  9995,2 45072  52.9986 274.0680 0003466 351.3445 295.9727 15.48879100 10577
2020-006AF,45073,STARLINK-1170,93.61,53.0,452,450,0.0001501,29.01.2020,3-60,1 45073U 20006AF  20094.58334491  .04320245  00000-0  10441+0 0  9998,2 45073  52.9989 272.5725 0002768 326.6064 288.0126 15.36557619 10593
2020-006AG,45074,STARLINK-1172,92.92,53.0,422,413,0.0007134999999999999,29.01.2020,3-60,1 45074U 20006AG  20094.58334491  .05388556  00000-0  86099-1 0  9993,2 45074  52.9989 274.1506 0009403 286.5528 347.3917 15.48079999 10579
2020-006AH,45075,STARLINK-1174,92.81,53.0,413,411,0.0001747,29.01.2020,3-60,1 45075U 20006AH  20094.58334491  .05255364  00000-0  79017-1 0  9996,2 45075  53.0012 274.0778 0003803  18.3986 310.2636 15.49932441 10574
2020-006AJ,45076,STARLINK-1180,92.83,53.0,419,407,0.0008505000000000001,29.01.2020,3-60,1 45076U 20006AJ  20094.58334491  .04975651  00000-0  76454-1 0  9996,2 45076  52.9993 274.0731 0007674 293.9020  29.5836 15.49559235 10578
2020-006AK,45077,STARLINK-1182,92.89,53.0,417,415,0.00015619999999999997,29.01.2020,3-60,1 45077U 20006AK  20094.58334491  .05101701  00000-0  81077-1 0  9992,2 45077  52.9987 274.0943 0004124 330.2348 311.1686 15.48471826 10573
2020-006AL,45078,STARLINK-1177,93.31,53.0,439,434,0.00035800000000000003,29.01.2020,3-60,1 45078U 20006AL  20094.58334491  .01692832  00000-0  34969-1 0  9997,2 45078  52.9999 273.0497 0003026 112.6333 353.4957 15.42400634 10243
2020-006AM,45079,STARLINK-1149,93.67,53.0,456,452,0.0002776,29.01.2020,3-60,1 45079U 20006AM  20094.58334491  .02723642  00000-0  68227-1 0  9997,2 45079  52.9990 272.7235 0001220 232.9168 321.1958 15.35962432 10241
2020-006AN,45080,STARLINK-1153,92.84,53.0,415,413,0.0001592,29.01.2020,3-60,1 45080U 20006AN  20094.58334491  .05204637  00000-0  79977-1 0  9994,2 45080  52.9982 274.0890 0003549  15.7276 305.0546 15.49349803 10227
2020-006AP,45081,STARLINK-1151,92.77,53.0,414,406,0.0005532,29.01.2020,3-60,1 45081U 20006AP  20094.58334491  .04958948  00000-0  73633-1 0  9998,2 45081  52.9990 274.0450 0003655  25.4494 310.5040 15.50540487 10578
2020-006AQ,45082,STARLINK-1160,92.94,53.0,420,417,0.0001968,29.01.2020,3-60,1 45082U 20006AQ  20094.58334491  .05088986  00000-0  83578-1 0  9995,2 45082  52.9989 274.1283 0003299 337.5352 286.6590 15.47524605 10579
2020-006AR,45083,STARLINK-1190,95.75,53.0,556,554,0.0001605,29.01.2020,3-60,1 45083U 20006AR  20094.58334491 -.00003357  00000-0 -22102-3 0  9990,2 45083  53.0003 290.3980 0001617 102.2612 254.1685 15.03959419 10348
2020-006AS,45084,STARLINK-1173,92.15,53.0,381,379,0.0001384,29.01.2020,3-60,1 45084U 20006AS  20094.58334491 -.00018694  00000-0 -19866-3 0  9994,2 45084  53.0011 272.2525 0001332  63.0499  45.8404 15.62768520  1736
2020-006AT,45085,STARLINK-1179,92.15,53.0,381,379,0.00012690000000000002,29.01.2020,3-60,1 45085U 20006AT  20094.58334491 -.00021803  00000-0 -23268-3 0  9992,2 45085  53.0026 271.4819 0001204  56.3923  64.3853 15.62778378  1731
2020-006AU,45086,STARLINK-1181,92.15,53.0,381,379,0.000135,29.01.2020,3-60,1 45086U 20006AU  20094.58334491 -.00023219  00000-0 -24842-3 0  9995,2 45086  53.0012 273.7972 0001225  67.5207  12.5737 15.62756780  1733
2020-006AV,45087,STARLINK-1185,92.15,53.0,381,379,0.000131,29.01.2020,3-60,1 45087U 20006AV  20094.58334491 -.00017417  00000-0 -18459-3 0  9996,2 45087  53.0006 273.8046 0001235  61.6547  13.3547 15.62779486  1739
2020-006AW,45088,STARLINK-1183,92.15,53.0,381,379,0.0001346,29.01.2020,3-60,1 45088U 20006AW  20094.58334491 -.00016825  00000-0 -17820-3 0  9990,2 45088  53.0009 273.7928 0001293  66.9337  14.7822 15.62764636  1732
2020-006AX,45089,STARLINK-1136,92.15,53.0,381,379,0.00014330000000000001,29.01.2020,3-60,1 45089U 20006AX  20094.58334491 -.00020378  00000-0 -21719-3 0  9991,2 45089  53.0010 272.2563 0001375  61.4707  45.7231 15.62761689  1739
2020-006AY,45090,STARLINK-1176,92.15,53.0,381,379,0.000146,29.01.2020,3-60,1 45090U 20006AY  20094.58334491 -.00006783  00000-0 -68302-4 0  9997,2 45090  53.0024 271.4843 0001297  60.2040  58.9015 15.62751748  1739
2020-006AZ,45091,STARLINK-1127,92.15,53.0,381,379,0.0001381,29.01.2020,3-60,1 45091U 20006AZ  20094.58334491 -.00018161  00000-0 -19283-3 0  9994,2 45091  53.0007 273.8340 0001301  65.2795 356.1535 15.62767267  1730
2020-006BA,45092,STARLINK-1137,92.15,53.0,381,379,0.0001336,29.01.2020,3-60,1 45092U 20006BA  20094.58334491 -.00016218  00000-0 -17162-3 0  9990,2 45092  53.0005 273.8255 0001142  66.3526 358.4795 15.62754538  1731
2020-006BB,45093,STARLINK-1142,92.15,53.0,384,375,0.0006600999999999999,29.01.2020,3-60,1 45093U 20006BB  20094.58334491  .00051837  00000-0  56723-3 0  9991,2 45093  53.0007 273.8302 0006402 328.8034  94.2689 15.62782101 10588
2020-006BC,45094,STARLINK-1146,92.15,53.0,381,379,0.0001473,29.01.2020,3-60,1 45094U 20006BC  20094.58334491 -.00016686  00000-0 -17662-3 0  9996,2 45094  53.0008 273.8168 0001429  72.5457 357.3126 15.62772022  1733
2020-006BD,45095,STARLINK-1147,92.15,53.0,381,379,0.0001359,29.01.2020,3-60,1 45095U 20006BD  20094.58334491 -.00017015  00000-0 -18029-3 0  9992,2 45095  53.0007 273.8131 0001320  75.6156 355.9440 15.62764026  1731
2020-006BE,45096,STARLINK-1152,92.15,53.0,381,379,0.000125,29.01.2020,3-60,1 45096U 20006BE  20094.58334491 -.00017118  00000-0 -18129-3 0  9998,2 45096  53.0010 273.8218 0001179  66.7721   1.4666 15.62782111  1731
2020-006BF,45097,STARLINK-1175,92.15,53.0,385,375,0.0007593,29.01.2020,3-60,1 45097U 20006BF  20094.58334491  .00049796  00000-0  54526-3 0  9995,2 45097  53.0005 273.8078 0007371 328.7637 104.5218 15.62774120  1736
2020-006BG,45098,STARLINK-1184,92.15,53.0,381,379,0.00013730000000000003,29.01.2020,3-60,1 45098U 20006BG  20094.58334491  .00079387  00000-0  86366-3 0  9992,2 45098  53.0004 273.8346 0001142  63.7694 355.9085 15.62773723  8787
2020-006BH,45099,STARLINK-1186,92.15,53.0,383,376,0.0005442,29.01.2020,3-60,1 45099U 20006BH  20094.58334491  .00058016  00000-0  63416-3 0  9990,2 45099  53.0028 273.8007 0005269 326.1528 110.5393 15.62769745 10581
2020-006BJ,45100,STARLINK-1193,92.15,53.0,386,374,0.0008389,29.01.2020,3-60,1 45100U 20006BJ  20094.58334491 -.00015805  00000-0 -16663-3 0  9996,2 45100  53.0010 273.8426 0008194 326.5758  91.4614 15.62764629  1735
2020-006BK,45101,STARLINK-1194,92.15,53.0,381,379,0.0001353,29.01.2020,3-60,1 45101U 20006BK  20094.58334491 -.00016316  00000-0 -17264-3 0  9993,2 45101  53.0006 273.8429 0001256  63.6565 352.6593 15.62762990 10581
2020-006BL,45102,STARLINK-1195,92.15,53.0,385,374,0.0008468,29.01.2020,3-60,1 45102U 20006BL  20094.58334491 -.00008076  00000-0 -82205-4 0  9996,2 45102  53.0008 273.8235 0008247 329.1972  97.3446 15.62752511  1733
2020-006BM,45103,STARLINK-1196,92.15,53.0,381,379,0.00011100000000000001,29.01.2020,3-60,1 45103U 20006BM  20094.58334491  .00011208  00000-0  12791-3 0  9998,2 45103  53.0005 273.7971 0001171  71.0675   7.3321 15.62785196  1737
2020-012A,45178,STARLINK-1138,95.65,53.0,551,549,0.00016130000000000002,17.02.2020,4-60,1 45178U 20012A   20094.58334491 -.00010594  00000-0 -70905-3 0  9997,2 45178  52.9972  50.6565 0001534  76.8019 320.0665 15.05576365  1716
2020-012B,45179,STARLINK-1143,95.64,52.99,550,549,0.00010449999999999999,17.02.2020,4-60,1 45179U 20012B   20094.58334491 -.00030192  00000-0 -20618-2 0  9999,2 45179  52.9832  50.7400 0001244  62.7721 316.2440 15.05579952  7723
2020-012C,45180,STARLINK-1192,95.65,53.0,551,549,0.00016369999999999997,17.02.2020,4-60,1 45180U 20012C   20094.58334491  .00371301  00000-0  24222-1 0  9993,2 45180  52.9991  50.6457 0001534  81.2309 351.6426 15.05527544  7729
2020-012D,45181,STARLINK-1200,95.65,53.0,551,549,0.0001626,17.02.2020,4-60,1 45181U 20012D   20094.58334491  .00288505  00000-0  19049-1 0  9998,2 45181  52.9998  50.6454 0001444  72.7768  18.1333 15.05528888  7722
2020-012E,45182,STARLINK-1201,92.55,53.0,404,395,0.0006567999999999999,17.02.2020,4-60,1 45182U 20012E   20094.58334491 -.00020559  00000-0 -28429-3 0  9998,2 45182  53.0015  41.9735 0006689 314.3911 232.9995 15.55949256  7856
2020-012F,45183,STARLINK-1202,95.64,53.0,551,548,0.00017649999999999998,17.02.2020,4-60,1 45183U 20012F   20094.58334491 -.00030765  00000-0 -21000-2 0  9996,2 45183  53.0005  50.6408 0001550  75.9888 194.8591 15.05604878  7733
2020-012G,45184,STARLINK-1205,92.15,53.0,381,379,0.00010609999999999999,17.02.2020,4-60,1 45184U 20012G   20094.58334491 -.00012218  00000-0 -12785-3 0  9991,2 45184  52.9999  41.2972 0000873  11.2429 154.8316 15.62744870  1721
2020-012H,45185,STARLINK-1216,95.65,53.0,551,549,0.00012890000000000002,17.02.2020,4-60,1 45185U 20012H   20094.58334491 -.00031508  00000-0 -21526-2 0  9997,2 45185  53.0016  50.6354 0001196  60.0764 246.7721 15.05585571  1702
2020-012J,45186,STARLINK-1224,95.64,53.0,551,549,0.0001564,17.02.2020,4-60,1 45186U 20012J   20094.58334491 -.00029398  00000-0 -20053-2 0  9996,2 45186  52.9971  50.6461 0001468  66.1457 150.6006 15.05607644  1714
2020-012K,45187,STARLINK-1225,95.64,53.0,551,548,0.000181,17.02.2020,4-60,1 45187U 20012K   20094.58334491 -.00028814  00000-0 -19662-2 0  9993,2 45187  52.9974  50.6461 0001697  69.8195 129.0747 15.05583993  7483
2020-012L,45188,STARLINK-1228,91.33,53.0,345,335,0.0007957000000000001,17.02.2020,4-60,1 45188U 20012L   20094.58334491  .00003718  00000-0  26804-4 0  9996,2 45188  53.0000  36.8601 0007969 284.1156 237.9835 15.76660930  1739
2020-012M,45189,STARLINK-1230,95.65,53.0,551,549,0.0001732,17.02.2020,4-60,1 45189U 20012M   20094.58334491 -.00006031  00000-0 -39508-3 0  9994,2 45189  52.9994  50.6467 0001634  68.1815 112.6763 15.05583500  1715
2020-012N,45190,STARLINK-1234,91.88,53.0,367,366,7.59e-05,17.02.2020,4-60,1 45190U 20012N   20094.58334491 -.00002392  00000-0 -16656-4 0  9992,2 45190  53.0009  37.5957 0000717  81.7106  88.2174 15.67257540  7584
2020-012P,45191,STARLINK-1236,95.64,53.0,551,548,0.0001936,17.02.2020,4-60,1 45191U 20012P   20094.58334491 -.00021443  00000-0 -14554-2 0  9994,2 45191  52.9980  50.6461 0001820  70.0192  74.6875 15.05617681  1713
2020-012Q,45192,STARLINK-1237,95.64,53.0,551,549,0.00016680000000000002,17.02.2020,4-60,1 45192U 20012Q   20094.58334491 -.00031273  00000-0 -21344-2 0  9992,2 45192  52.9999  50.6416 0001584  72.0860 216.7092 15.05618269  1707
2020-012R,45193,STARLINK-1239,95.64,53.0,551,549,0.00013700000000000002,17.02.2020,4-60,1 45193U 20012R   20094.58334491 -.00030941  00000-0 -21112-2 0  9997,2 45193  52.9989  50.6322 0001434  67.3701 275.4662 15.05623232  7446
2020-012S,45194,STARLINK-1240,95.64,53.0,551,549,0.0001517,17.02.2020,4-60,1 45194U 20012S   20094.58334491 -.00031077  00000-0 -21216-2 0  9994,2 45194  53.0000  50.6349 0001432  66.2188 258.6565 15.05605026  1706
2020-012T,45195,STARLINK-1241,95.64,53.0,550,549,0.0001044,17.02.2020,4-60,1 45195U 20012T   20094.58334491  .00020810  00000-0  14424-2 0  9999,2 45195  53.0015  50.6120 0000938  55.8795 304.9887 15.05599745  1711
2020-012U,45196,STARLINK-1244,95.64,53.0,551,548,0.0001838,17.02.2020,4-60,1 45196U 20012U   20094.58334491 -.00029761  00000-0 -20303-2 0  9999,2 45196  52.9956  50.6558 0001754  72.9283 341.9461 15.05609076  1716
2020-012V,45197,STARLINK-1269,95.65,53.0,551,549,0.0001484,17.02.2020,4-60,1 45197U 20012V   20094.58334491 -.00012446  00000-0 -83659-3 0  9996,2 45197  52.9975  50.6456 0001382  63.1570  45.7260 15.05576761  1713
2020-012W,45198,STARLINK-1154,92.14,53.0,381,379,0.0001272,17.02.2020,4-60,1 45198U 20012W   20094.58334491 -.00014592  00000-0 -15388-3 0  9995,2 45198  52.9997  41.2349 0001148  64.4239 136.2459 15.62741033  7565
2020-012X,45199,STARLINK-1197,92.15,53.0,381,379,0.0001464,17.02.2020,4-60,1 45199U 20012X   20094.58334491 -.00018648  00000-0 -19824-3 0  9991,2 45199  52.9998  41.2430 0001453  70.9749 126.2940 15.62757716  7564
2020-012Y,45200,STARLINK-1198,92.15,53.0,381,379,0.000172,17.02.2020,4-60,1 45200U 20012Y   20094.58334491  .00002208  00000-0  29957-4 0  9996,2 45200  52.9988  41.2493 0001583  62.4341 131.4392 15.62746379  1727
2020-012Z,45201,STARLINK-1199,92.15,53.0,385,374,0.0008210000000000001,17.02.2020,4-60,1 45201U 20012Z   20094.58334491 -.00015723  00000-0 -16580-3 0  9992,2 45201  52.9970  41.2671 0008318 321.9619 222.7808 15.62753828  7562
2020-012AA,45202,STARLINK-1203,95.57,53.0,547,545,0.0001202,17.02.2020,4-60,1 45202U 20012AA  20094.58334491  .03398260  00000-0  20490+0 0  9995,2 45202  52.9992  49.2588 0000865 265.4270   0.4002 15.06215042  7483
2020-012AB,45203,STARLINK-1204,92.15,53.0,381,379,0.00013000000000000002,17.02.2020,4-60,1 45203U 20012AB  20094.58334491 -.00015969  00000-0 -16892-3 0  9992,2 45203  52.9994  41.3082 0001307  63.0170 101.3927 15.62749680  1721
2020-012AC,45204,STARLINK-1206,92.14,53.0,381,379,0.00015019999999999996,17.02.2020,4-60,1 45204U 20012AC  20094.58334491 -.00019286  00000-0 -20517-3 0  9998,2 45204  52.9999  41.1816 0001498  62.7754 163.2812 15.62765383  7561
2020-012AD,45205,STARLINK-1208,92.15,53.0,386,374,0.000872,17.02.2020,4-60,1 45205U 20012AD  20094.58334491 -.00020437  00000-0 -21738-3 0  9995,2 45205  52.9998  41.2213 0008613 325.7460 241.6582 15.62753252  1724
2020-012AE,45206,STARLINK-1209,91.61,53.0,354,352,0.00016659999999999998,17.02.2020,4-60,1 45206U 20012AE  20094.58334491  .00006583  00000-0  53895-4 0  9990,2 45206  53.0024  36.9456 0001582  91.6284  35.6982 15.71995660  1735
2020-012AF,45207,STARLINK-1210,92.15,53.0,386,374,0.0008441000000000001,17.02.2020,4-60,1 45207U 20012AF  20094.58334491 -.00017000  00000-0 -17980-3 0  9993,2 45207  52.9968  41.2739 0008329 325.1877 216.1641 15.62749915  1720
2020-012AG,45208,STARLINK-1211,92.14,53.0,385,375,0.000729,17.02.2020,4-60,1 45208U 20012AG  20094.58334491 -.00019551  00000-0 -20782-3 0  9991,2 45208  52.9984  41.2871 0007140 323.6357 210.9195 15.62754500  7562
2020-012AH,45209,STARLINK-1218,92.15,53.0,381,379,0.000135,17.02.2020,4-60,1 45209U 20012AH  20094.58334491 -.00019405  00000-0 -20656-3 0  9990,2 45209  52.9995  41.1940 0001338  66.3698 154.5841 15.62755820  7560
2020-012AJ,45210,STARLINK-1219,92.15,53.0,386,374,0.0008552,17.02.2020,4-60,1 45210U 20012AJ  20094.58334491 -.00015672  00000-0 -16526-3 0  9995,2 45210  52.9968  41.2793 0008397 318.6877 219.2711 15.62749490  7564
2020-012AL,45212,STARLINK-1231,92.15,53.0,381,379,0.0001353,17.02.2020,4-60,1 45212U 20012AL  20094.58334491 -.00020088  00000-0 -21411-3 0  9993,2 45212  52.9975  41.2073 0001347  63.3966 150.7319 15.62749796  7579
2020-012AM,45213,STARLINK-1232,92.15,53.0,381,379,0.00015460000000000002,17.02.2020,4-60,1 45213U 20012AM  20094.58334491 -.00019279  00000-0 -20531-3 0  9996,2 45213  52.9974  41.2138 0001417  59.2343 151.5515 15.62739864  1725
2020-012AN,45214,STARLINK-1233,92.14,53.0,385,374,0.0008276,17.02.2020,4-60,1 45214U 20012AN  20094.58334491 -.00020201  00000-0 -21472-3 0  9999,2 45214  52.9975  41.1693 0008420 324.6390 266.4844 15.62764832  7566
2020-012AP,45215,STARLINK-1245,92.14,53.0,381,379,0.00013330000000000001,17.02.2020,4-60,1 45215U 20012AP  20094.58334491 -.00016701  00000-0 -17684-3 0  9990,2 45215  52.9967  41.2939 0001360  55.5710 115.6286 15.62764412  7563
2020-012AQ,45216,STARLINK-1254,92.15,53.0,385,374,0.0008362,17.02.2020,4-60,1 45216U 20012AQ  20094.58334491 -.00020355  00000-0 -21668-3 0  9998,2 45216  52.9997  41.1995 0008242 326.4764 251.1159 15.62735586  1720
2020-012AR,45217,STARLINK-1271,92.15,53.0,381,378,0.00018419999999999998,17.02.2020,4-60,1 45217U 20012AR  20094.58334491 -.00019664  00000-0 -20936-3 0  9997,2 45217  52.9973  41.2265 0001973 349.8296 214.1810 15.62757990  7563
2020-012AS,45218,STARLINK-1105,92.15,53.0,385,374,0.000816,17.02.2020,4-60,1 45218U 20012AS  20094.58334491 -.00020266  00000-0 -21552-3 0  9993,2 45218  52.9975  41.1773 0008304 322.7666 264.9578 15.62756399  7561
2020-012AT,45219,STARLINK-1187,92.18,53.0,386,377,0.000634,17.02.2020,4-60,1 45219U 20012AT  20094.58334491 -.00014924  00000-0 -16138-3 0  9992,2 45219  52.9979  39.7731 0006405 290.4570 259.3712 15.62090251  7586
2020-012AU,45220,STARLINK-1188,92.14,53.0,381,379,0.00012849999999999998,17.02.2020,4-60,1 45220U 20012AU  20094.58334491 -.00018834  00000-0 -20022-3 0  9995,2 45220  52.9971  41.2510 0001285  67.2396 124.9267 15.62765674  7568
2020-012AV,45221,STARLINK-1189,92.15,53.0,381,379,0.0001381,17.02.2020,4-60,1 45221U 20012AV  20094.58334491 -.00019290  00000-0 -20516-3 0  9991,2 45221  52.9997  41.2432 0001260  68.2623 127.2263 15.62774086  1728
2020-012AW,45222,STARLINK-1191,92.15,53.0,385,375,0.0007491,17.02.2020,4-60,1 45222U 20012AW  20094.58334491 -.00017750  00000-0 -18805-3 0  9999,2 45222  52.9987  41.2675 0007388 321.6263 221.3995 15.62756303  1720
2020-012AX,45223,STARLINK-1212,92.15,53.0,383,376,0.0005246000000000001,17.02.2020,4-60,1 45223U 20012AX  20094.58334491 -.00020019  00000-0 -21322-3 0  9990,2 45223  52.9998  41.1758 0005113 335.0505 254.4235 15.62741983  1728
2020-012AY,45224,STARLINK-1214,92.15,53.0,385,375,0.0007171,17.02.2020,4-60,1 45224U 20012AY  20094.58334491 -.00016731  00000-0 -17696-3 0  9996,2 45224  52.9967  41.2885 0007069 320.9542 211.8869 15.62750206  1721
2020-012AZ,45225,STARLINK-1215,92.15,53.0,381,379,0.00014169999999999997,17.02.2020,4-60,1 45225U 20012AZ  20094.58334491 -.00020279  00000-0 -21622-3 0  9993,2 45225  52.9996  41.2027 0001281  58.2389 157.6317 15.62747639  1723
2020-012BA,45226,STARLINK-1217,92.15,53.0,381,379,0.0001524,17.02.2020,4-60,1 45226U 20012BA  20094.58334491 -.00007140  00000-0 -72212-4 0  9998,2 45226  52.9973  41.2144 0001282  22.0236 187.0677 15.62750954  7535
2020-012BB,45227,STARLINK-1221,92.15,53.0,383,376,0.0005168999999999999,17.02.2020,4-60,1 45227U 20012BB  20094.58334491 -.00018043  00000-0 -19143-3 0  9996,2 45227  52.9970  41.2785 0005162 288.2331 251.4739 15.62756574  1721
2020-012BC,45228,STARLINK-1222,92.14,53.0,384,375,0.0006286000000000001,17.02.2020,4-60,1 45228U 20012BC  20094.58334491 -.00017387  00000-0 -18412-3 0  9995,2 45228  52.9965  41.2834 0006385 313.7287 222.5269 15.62762076  7573
2020-012BD,45229,STARLINK-1226,92.14,53.0,381,378,0.00020869999999999998,17.02.2020,4-60,1 45229U 20012BD  20094.58334491 -.00018854  00000-0 -20039-3 0  9994,2 45229  52.9997  41.1966 0002230 339.8559 239.4564 15.62767997  7561
2020-012BE,45230,STARLINK-1227,92.15,53.0,385,374,0.0008193999999999999,17.02.2020,4-60,1 45230U 20012BE  20094.58334491 -.00020373  00000-0 -21669-3 0  9995,2 45230  52.9998  41.1877 0008334 326.1651 256.5447 15.62756217  7561
2020-012BF,45231,STARLINK-1229,92.15,53.0,381,379,0.0001662,17.02.2020,4-60,1 45231U 20012BF  20094.58334491 -.00018307  00000-0 -19462-3 0  9998,2 45231  52.9973  41.2229 0001519  55.0294 150.7653 15.62741168  1721
2020-012BG,45232,STARLINK-1235,92.14,53.0,384,375,0.0006223,17.02.2020,4-60,1 45232U 20012BG  20094.58334491  .00000196  00000-0  80425-5 0  9993,2 45232  52.9990  38.2861 0006355 294.4261 256.9961 15.62731767  7591
2020-012BH,45233,STARLINK-1238,92.15,53.0,385,374,0.0008169000000000001,17.02.2020,4-60,1 45233U 20012BH  20094.58334491 -.00013362  00000-0 -13998-3 0  9994,2 45233  52.9966  41.2992 0008083 315.5331 213.9376 15.62755333  1724
2020-012BJ,45234,STARLINK-1243,95.64,53.0,550,549,9.259999999999999e-05,17.02.2020,4-60,1 45234U 20012BJ  20094.58334491  .00139687  00000-0  94199-2 0  9993,2 45234  52.9970  50.6465 0001040  59.4759 103.4163 15.05572010  7463
2020-012BK,45235,STARLINK-1246,95.64,53.0,551,549,0.000152,17.02.2020,4-60,1 45235U 20012BK  20094.58334491 -.00020686  00000-0 -14039-2 0  9999,2 45235  52.9993  50.6445 0001424  66.9585 167.9775 15.05601441  1710
2020-012BL,45236,STARLINK-1247,92.15,53.0,381,379,0.00012849999999999998,17.02.2020,4-60,1 45236U 20012BL  20094.58334491 -.00018404  00000-0 -19561-3 0  9991,2 45236  53.0002  41.1849 0001170  63.0846 161.3001 15.62753037  1726
2020-012BM,45237,STARLINK-1270,92.15,53.0,381,379,0.00015519999999999998,17.02.2020,4-60,1 45237U 20012BM  20094.58334491 -.00018982  00000-0 -20194-3 0  9997,2 45237  52.9996  41.2296 0001434  65.6278 136.6893 15.62753298  1727
2020-019A,45360,STARLINK-1279,90.93,53.0,340,300,0.0029399,18.03.2020,5-60,1 45360U 20019A   20093.66668981 -.00056390  00000-0 -24057-3 0  9990,2 45360  53.0015 179.8851 0029399 103.0770 181.0055 15.83633789  3054
2020-019B,45361,STARLINK-1301,90.81,53.0,336,292,0.0032609,18.03.2020,5-60,1 45361U 20019B   20093.66668981 -.00007940  10959-4 -17197-4 0  9994,2 45361  53.0016 179.7574 0032609 102.7911 242.1440 15.85788995  3057
2020-019C,45362,STARLINK-1306,91.68,53.0,358,356,0.0001139,18.03.2020,5-60,1 45362U 20019C   20093.66668981 -.00018241  00000-0 -14022-3 0  9996,2 45362  53.0020 180.7699 0001139  71.5043 147.3532 15.70668775  3040
2020-019D,45363,STARLINK-1311,91.44,53.0,349,341,0.0005829,18.03.2020,5-60,1 45363U 20019D   20093.58334491 -.00123252  00000-0 -82634-3 0  9997,2 45363  53.0002 180.9227 0005829 107.9686 124.2314 15.74792084  3033
2020-019E,45364,STARLINK-1313,90.93,53.0,336,304,0.002395,18.03.2020,5-60,1 45364U 20019E   20093.66668981 -.00029869  00000-0 -12667-3 0  9999,2 45364  53.0015 179.7804 0023950 103.5988 230.1566 15.83680819  3057
2020-019F,45365,STARLINK-1317,90.93,53.0,335,306,0.0022007,18.03.2020,5-60,1 45365U 20019F   20093.66668981 -.00049344  00000-0 -21374-3 0  9995,2 45365  53.0012 179.8299 0022007 103.2102 207.0088 15.83582610  3042
2020-019G,45366,STARLINK-1262,91.91,53.0,369,368,0.00010390000000000002,18.03.2020,5-60,1 45366U 20019G   20093.66668981 -.00052684  00000-0 -48930-3 0  9994,2 45366  53.0029 181.2082 0001039 113.1260 260.2567 15.66720746  3032
2020-019H,45367,STARLINK-1273,91.95,53.0,371,370,0.0001085,18.03.2020,5-60,1 45367U 20019H   20093.66668981 -.00048941  00000-0 -46677-3 0  9992,2 45367  53.0030 181.2475 0001085 109.0858 229.3955 15.66032787  3037
2020-019J,45368,STARLINK-1276,91.9,53.0,368,367,0.0001182,18.03.2020,5-60,1 45368U 20019J   20093.66668981 -.00049480  00000-0 -45473-3 0  9995,2 45368  53.0027 181.1822 0001182 127.7992 256.9671 15.66952596  3033
2020-019K,45369,STARLINK-1277,91.89,53.0,368,366,0.00012309999999999998,18.03.2020,5-60,1 45369U 20019K   20093.58334491  .00365097  00000-0  32023-2 0  9992,2 45369  53.0017 181.5807 0001231 105.1856 174.8077 15.67175842  3023
2020-019L,45370,STARLINK-1281,92.0,53.0,373,372,0.00011640000000000001,18.03.2020,5-60,1 45370U 20019L   20093.58334491  .00558100  00000-0  51694-2 0  9998,2 45370  53.0024 181.7620 0001164  54.0089 127.1041 15.65203433  3021
2020-019M,45371,STARLINK-1287,91.92,53.0,370,368,0.0001135,18.03.2020,5-60,1 45371U 20019M   20093.58334491 -.00074568  00000-0 -70138-3 0  9997,2 45371  52.9989 181.6576 0001135  79.7551 165.8627 15.66551311  3026
2020-019N,45372,STARLINK-1288,91.96,53.0,371,370,0.00010520000000000001,18.03.2020,5-60,1 45372U 20019N   20093.66668981 -.00048925  00000-0 -46888-3 0  9994,2 45372  53.0029 181.2590 0001052  97.8858 235.0435 15.65912862  3034
2020-019P,45373,STARLINK-1295,91.92,53.0,370,368,0.0001176,18.03.2020,5-60,1 45373U 20019P   20093.58334491  .00524215  00000-0  46167-2 0  9990,2 45373  53.0023 181.6382 0001176  91.8468 159.7472 15.66574464  3025
2020-019Q,45374,STARLINK-1300,91.92,53.0,369,368,0.00010369999999999999,18.03.2020,5-60,1 45374U 20019Q   20093.66668981 -.00053231  00000-0 -49687-3 0  9992,2 45374  53.0028 181.2151 0001037 112.6094 255.2705 15.66601078  3038
2020-019R,45375,STARLINK-1302,91.95,53.0,371,369,0.0001223,18.03.2020,5-60,1 45375U 20019R   20093.66668981 -.00050176  00000-0 -47658-3 0  9994,2 45375  53.0022 181.2506 0001223 125.9438 218.5403 15.66145326  3039
2020-019S,45376,STARLINK-1304,91.95,53.0,371,369,0.0001506,18.03.2020,5-60,1 45376U 20019S   20093.41667824  .00124464  00000-0  11789-2 0  9998,2 45376  52.9986 182.5302 0001506  61.3247 283.2624 15.66075019  2999
2020-019T,45377,STARLINK-1305,91.91,53.0,369,367,0.00010229999999999999,18.03.2020,5-60,1 45377U 20019T   20093.66668981 -.00049989  00000-0 -46173-3 0  9997,2 45377  53.0029 181.1961 0001023 110.0419 269.3271 15.66833089  3031
2020-019U,45378,STARLINK-1310,91.88,53.0,367,366,0.0001041,18.03.2020,5-60,1 45378U 20019U   20093.66668981 -.00071723  00000-0 -65424-3 0  9999,2 45378  53.0012 181.1405 0001041 220.0825 181.5079 15.67290619  3049
2020-019V,45379,STARLINK-1319,91.88,53.0,368,366,0.00010070000000000001,18.03.2020,5-60,1 45379U 20019V   20093.66668981 -.00032451  00000-0 -29300-3 0  9998,2 45379  53.0005 181.1582 0001007 100.5035 295.7332 15.67186631  3043
2020-019W,45380,STARLINK-1207,91.42,53.0,352,336,0.0011833,18.03.2020,5-60,1 45380U 20019W   20093.66668981 -.00007336  00000-0 -43673-4 0  9994,2 45380  53.0030 180.4305 0011833 105.5563 277.2869 15.75087031  3040
2020-019X,45381,STARLINK-1258,91.43,53.0,353,337,0.0011887,18.03.2020,5-60,1 45381U 20019X   20093.66668981 -.00021581  00000-0 -13814-3 0  9996,2 45381  53.0029 180.4437 0011887 105.5629 270.2324 15.74912391  3041
2020-019Y,45382,STARLINK-1264,91.41,53.0,352,336,0.0012308,18.03.2020,5-60,1 45382U 20019Y   20093.66668981  .00007412  00000-0  52332-4 0  9991,2 45382  53.0031 180.4166 0012308 105.1073 284.2875 15.75252372  2864
2020-019Z,45383,STARLINK-1266,91.43,53.0,352,337,0.0011584000000000002,18.03.2020,5-60,1 45383U 20019Z   20093.66668981 -.00012132  00000-0 -75352-4 0  9996,2 45383  53.0021 180.4343 0011584 105.5652 274.9424 15.75013951  3048
2020-019AA,45384,STARLINK-1267,91.42,53.0,352,336,0.0011772,18.03.2020,5-60,1 45384U 20019AA  20093.66668981 -.00003476  00000-0 -18316-4 0  9995,2 45384  53.0031 180.4229 0011772 105.8697 281.2099 15.75201244  3047
2020-019AB,45385,STARLINK-1268,91.46,53.0,354,339,0.0010815999999999998,18.03.2020,5-60,1 45385U 20019AB  20093.58334491  .00151265  00000-0  10061-2 0  9998,2 45385  53.0010 180.9085 0010816 106.3891 132.2717 15.74400920  3032
2020-019AC,45386,STARLINK-1272,91.42,53.0,353,335,0.0013125,18.03.2020,5-60,1 45386U 20019AC  20093.66668981 -.00002995  00000-0 -15179-4 0  9996,2 45386  53.0021 180.4246 0013125 105.1558 279.5652 15.75158769  3048
2020-019AD,45387,STARLINK-1274,91.43,53.0,353,337,0.0011727,18.03.2020,5-60,1 45387U 20019AD  20093.58334491  .00058420  00000-0  38676-3 0  9992,2 45387  53.0021 180.8685 0011727 105.4540 153.1283 15.74898828  3032
2020-019AE,45388,STARLINK-1280,91.46,53.0,352,340,0.0009433,18.03.2020,5-60,1 45388U 20019AE  20093.66668981 -.00041254  00000-0 -27378-3 0  9992,2 45388  52.9993 180.4784 0009433 103.8608 257.0121 15.74520928  3042
2020-019AF,45389,STARLINK-1283,89.95,53.0,285,258,0.0020397,18.03.2020,5-60,1 45389U 20019AF  20093.66668981  .00395654  78725-4  70222-3 0  9996,2 45389  52.9967 178.8041 0020397 101.0509 339.9154 16.00917903  3064
2020-019AG,45390,STARLINK-1284,91.41,53.0,352,336,0.0011955,18.03.2020,5-60,1 45390U 20019AG  20093.50001157 -.00027908  00000-0 -17677-3 0  9995,2 45390  52.9994 181.2733 0011955 100.9555  51.7198 15.75326718  3023
2020-019AH,45391,STARLINK-1289,91.45,53.0,353,338,0.0010691,18.03.2020,5-60,1 45391U 20019AH  20093.66668981 -.00034255  00000-0 -22429-3 0  9991,2 45391  53.0027 180.4566 0010691 106.7741 262.7772 15.74714738  2769
2020-019AJ,45392,STARLINK-1290,91.46,53.0,353,340,0.0009927,18.03.2020,5-60,1 45392U 20019AJ  20093.66668981 -.00049183  00000-0 -32910-3 0  9994,2 45392  53.0017 180.4837 0009927 106.7927 249.3591 15.74404298  2763
2020-019AK,45393,STARLINK-1291,91.41,53.0,352,335,0.0012778,18.03.2020,5-60,1 45393U 20019AK  20093.66668981  .00009620  00000-0  66459-4 0  9991,2 45393  53.0030 180.4117 0012778 105.4352 285.9385 15.75304842  2791
2020-019AL,45394,STARLINK-1292,91.44,53.0,353,337,0.0011917,18.03.2020,5-60,1 45394U 20019AL  20093.66668981 -.00027485  00000-0 -17751-3 0  9993,2 45394  53.0028 180.4485 0011917 105.5169 268.2020 15.74876861  2770
2020-019AM,45395,STARLINK-1297,91.46,53.0,353,339,0.0010807,18.03.2020,5-60,1 45395U 20019AM  20093.58334491 -.00111091  00000-0 -75005-3 0  9994,2 45395  52.9974 180.9053 0010807 102.7399 138.2846 15.74517299  2786
2020-019AN,45396,STARLINK-1303,91.45,53.0,353,338,0.0011442,18.03.2020,5-60,1 45396U 20019AN  20093.66668981 -.00036207  00000-0 -23746-3 0  9998,2 45396  53.0027 180.4627 0011442 105.8828 261.2237 15.74692376  2755
2020-019AP,45397,STARLINK-1307,91.46,53.0,349,343,0.00044669999999999996,18.03.2020,5-60,1 45397U 20019AP  20093.66668981 -.00042897  00000-0 -28666-3 0  9997,2 45397  53.0011 180.4790 0004467 114.1776 244.3461 15.74438905  2863
2020-019AQ,45398,STARLINK-1312,91.46,53.0,348,345,0.00021840000000000002,18.03.2020,5-60,1 45398U 20019AQ  20093.66668981 -.00030421  00000-0 -20151-3 0  9999,2 45398  53.0026 180.4626 0002184 128.5255 239.0062 15.74479683  2791
2020-019AR,45399,STARLINK-1255,91.52,53.0,357,342,0.00112,18.03.2020,5-60,1 45399U 20019AR  20093.66668981 -.00091309  00000-0 -64513-3 0  9992,2 45399  53.0022 180.6687 0011200 105.9945 161.6185 15.73381522  2846
2020-019AS,45400,STARLINK-1213,91.42,53.0,352,336,0.0012155999999999998,18.03.2020,5-60,1 45400U 20019AS  20093.66668981 -.00005884  00000-0 -34061-4 0  9994,2 45400  53.0028 180.4235 0012156 105.9123 279.9708 15.75148626  2775
2020-019AT,45401,STARLINK-1256,91.39,53.0,352,334,0.0013655,18.03.2020,5-60,1 45401U 20019AT  20093.41667824  .00495280  00000-0  29789-2 0  9993,2 45401  52.9982 181.6686 0013655 101.7674 307.7469 15.75684517  2819
2020-019AU,45402,STARLINK-1257,91.41,53.0,351,336,0.0011300999999999998,18.03.2020,5-60,1 45402U 20019AU  20093.66668981  .00010823  00000-0  74427-4 0  9993,2 45402  53.0029 180.4129 0011301 106.0405 284.4883 15.75260971  2847
2020-019AV,45403,STARLINK-1259,91.42,53.0,352,336,0.0012456,18.03.2020,5-60,1 45403U 20019AV  20093.58334491 -.00117230  00000-0 -76804-3 0  9993,2 45403  52.9997 180.8519 0012456 102.3114 166.0046 15.75197385  2838
2020-019AW,45404,STARLINK-1260,91.44,53.0,353,337,0.0011535,18.03.2020,5-60,1 45404U 20019AW  20093.66668981 -.00026649  00000-0 -17233-3 0  9991,2 45404  53.0027 180.4502 0011535 105.3548 267.2107 15.74835895  2762
2020-019AX,45405,STARLINK-1263,91.4,53.0,353,333,0.0014289,18.03.2020,5-60,1 45405U 20019AX  20093.41667824  .00498598  00000-0  30123-2 0  9996,2 45405  53.0000 181.6795 0014289 101.6139 303.0249 15.75562399  2724
2020-019AY,45406,STARLINK-1265,91.43,53.0,353,337,0.0011792,18.03.2020,5-60,1 45406U 20019AY  20093.66668981 -.00018671  00000-0 -11865-3 0  9994,2 45406  53.0026 180.4382 0011792 105.7715 271.4070 15.74959013  2758
2020-019AZ,45407,STARLINK-1275,91.42,53.0,353,336,0.0012319000000000002,18.03.2020,5-60,1 45407U 20019AZ  20093.50001157 -.00019442  00000-0 -12289-3 0  9992,2 45407  52.9977 181.2934 0012319 102.1683  40.3974 15.75104290  2739
2020-019BA,45408,STARLINK-1278,91.46,53.0,353,339,0.0010595000000000001,18.03.2020,5-60,1 45408U 20019BA  20093.66668981 -.00045705  00000-0 -30400-3 0  9990,2 45408  53.0016 180.4752 0010595 106.2559 252.9444 15.74497882  2763
2020-019BB,45409,STARLINK-1282,91.42,53.0,353,336,0.001317,18.03.2020,5-60,1 45409U 20019BB  20093.41667824  .00338222  00000-0  21286-2 0  9997,2 45409  52.9982 181.7184 0013170 101.9691 283.0955 15.75083954  2728
2020-019BC,45410,STARLINK-1285,91.43,53.0,353,337,0.0011992,18.03.2020,5-60,1 45410U 20019BC  20093.66668981 -.00018655  00000-0 -11834-3 0  9997,2 45410  53.0019 180.4072 0011992 105.9216 273.3377 15.74993788  2759
2020-019BD,45411,STARLINK-1293,91.46,53.0,354,339,0.0010673,18.03.2020,5-60,1 45411U 20019BD  20093.66668981 -.00050551  00000-0 -33834-3 0  9993,2 45411  53.0017 180.4866 0010673 106.1668 248.7211 15.74397959  2771
2020-019BE,45412,STARLINK-1296,91.43,53.0,353,337,0.0011923,18.03.2020,5-60,1 45412U 20019BE  20093.66668981 -.00025011  00000-0 -16095-3 0  9997,2 45412  53.0022 180.4474 0011923 105.8732 268.7387 15.74897343  2756
2020-019BF,45413,STARLINK-1298,91.46,53.0,354,339,0.0011394,18.03.2020,5-60,1 45413U 20019BF  20093.66668981 -.00049039  00000-0 -32708-3 0  9993,2 45413  53.0018 180.4827 0011394 106.2899 250.5312 15.74451611  2846
2020-019BG,45414,STARLINK-1309,91.45,53.0,353,338,0.0011515999999999998,18.03.2020,5-60,1 45414U 20019BG  20093.66668981 -.00037280  00000-0 -24498-3 0  9996,2 45414  53.0018 180.4631 0011516 106.1367 259.7631 15.74660838  2775
2020-019BH,45415,STARLINK-1316,91.41,53.0,352,336,0.0012119000000000001,18.03.2020,5-60,1 45415U 20019BH  20093.66668981  .00010009  00000-0  68890-4 0  9990,2 45415  53.0029 180.4082 0012119 105.3667 287.4173 15.75340567  2787
2020-019BJ,45416,STARLINK-1318,91.44,53.0,352,338,0.0010341,18.03.2020,5-60,1 45416U 20019BJ  20093.66668981 -.00029728  00000-0 -19344-3 0  9990,2 45416  52.9989 180.4560 0010341 103.5838 266.9660 15.74782847  2779
2020-019BK,45417,STARLINK-1286,91.82,53.0,364,363,0.00011159999999999999,18.03.2020,5-60,1 45417U 20019BK  20093.66668981  .00007438  00000-0  69858-4 0  9999,2 45417  52.9991 181.0274 0001116  53.9150  41.8987 15.68369260  3043
2020-019BL,45418,STARLINK-1299,91.44,53.0,354,336,0.0013564999999999998,18.03.2020,5-60,1 45418U 20019BL  20093.41667824  .00254794  00000-0  16398-2 0  9996,2 45418  52.9979 181.7456 0013565 101.5365 270.3589 15.74798944  2743
2020-019BM,45419,STARLINK-1308,91.81,53.0,364,362,0.00013000000000000002,18.03.2020,5-60,1 45419U 20019BM  20093.58334491 -.00077174  00000-0 -67148-3 0  9993,2 45419  52.9981 181.4912 0001300 124.4704 197.3069 15.68472593  2761
